﻿{"cameraMode":{"drawMode":0,"name":"Shaded","section":"Shading Mode"},"sceneLighting":true,"audioPlay":false,"sceneViewState":{"m_AlwaysRefresh":false,"showFog":true,"showSkybox":true,"showFlares":true,"showImageEffects":true,"showParticleSystems":true,"showVisualEffectGraphs":true,"m_FxEnabled":true},"in2DMode":false,"pivot":{"x":-6.770814895629883,"y":22.98781394958496,"z":-8.383889198303223},"rotation":{"x":0.4627429246902466,"y":0.2754571735858917,"z":-0.153861865401268,"w":0.8284450769424439},"size":0.8660253882408142,"orthographic":false}