﻿{"cameraMode":{"drawMode":0,"name":"Shaded","section":"Shading Mode"},"sceneLighting":true,"audioPlay":false,"sceneViewState":{"m_AlwaysRefresh":false,"showFog":true,"showSkybox":true,"showFlares":true,"showImageEffects":true,"showParticleSystems":true,"showVisualEffectGraphs":true,"m_FxEnabled":true},"in2DMode":false,"pivot":{"x":1187.4510498046875,"y":908.3539428710938,"z":-209.27774047851563},"rotation":{"x":0.07941077649593353,"y":0.011961556039750576,"z":-0.0009529395028948784,"w":0.9967693090438843},"size":317.4899597167969,"orthographic":false}