﻿{"cameraMode":{"drawMode":1,"name":"Wireframe","section":"Shading Mode"},"sceneLighting":true,"audioPlay":false,"sceneViewState":{"m_AlwaysRefresh":false,"showFog":true,"showSkybox":true,"showFlares":true,"showImageEffects":true,"showParticleSystems":true,"showVisualEffectGraphs":true,"m_FxEnabled":true},"in2DMode":false,"pivot":{"x":153.1035614013672,"y":227.23040771484376,"z":593.8555297851563},"rotation":{"x":-0.019189413636922838,"y":-0.0011906357249245048,"z":-0.000026924124540528283,"w":0.9998176693916321},"size":790.4667358398438,"orthographic":false}