﻿{"cameraMode":{"drawMode":2,"name":"Shaded Wireframe","section":"Shading Mode"},"sceneLighting":true,"audioPlay":false,"sceneViewState":{"m_AlwaysRefresh":false,"showFog":true,"showSkybox":true,"showFlares":true,"showImageEffects":true,"showParticleSystems":true,"showVisualEffectGraphs":true,"m_FxEnabled":true},"in2DMode":false,"pivot":{"x":4.571168899536133,"y":7.074878692626953,"z":16.195716857910158},"rotation":{"x":-0.042737044394016269,"y":0.9522850513458252,"z":-0.2577296495437622,"w":-0.15797214210033418},"size":1.114213466644287,"orthographic":false}